_Sheld1031,berniesanders
JociLeto,realdonaldtrump
SierraPodraski,berniesanders
is_keat,berniesanders
THeitsche,berniesanders
ahess1020,realdonaldtrump
PenroseAlex,berniesanders
madisonminich15,berniesanders
_chloe2k17,berniesanders
Buhlakay_,berniesanders
AshtenRobson,berniesanders
BraydenRutherfo,
raven_emerick,berniesanders
CSherman009,
wrlschools,berniesanders
SpeedwayJobs,berniesanders
kelso_harkness,berniesanders
Court_Bitchup,berniesanders
Sir__Nate,berniesanders
MarciniakMatt,berniesanders
dillongabriel1,berniesanders
_triishh,
OSUWarhorse,
Kameron_Korom,hillaryclinton
hey_im_Kirsten,realdonaldtrump
TylerTaylor81,berniesanders
Jcook_8,berniesanders
tanner_roth3,berniesanders
CR1CKT0PH3R,berniesanders
sadietruckermom,berniesanders
life_before_us,berniesanders
Hayden_Risner,berniesanders
MaddieHipp,berniesanders
Gab_Strunk,berniesanders
BrittanyRapp32,berniesanders
TaylorReer,berniesanders
Dakota_Hanlon24,berniesanders
Roualt,hillaryclinton
emiilycok,
sarahhonaker24,
literallymegod,realdonaldtrump
alyssamfaley,berniesanders
ScottMorgan08,berniesanders
Kylie__brianne,berniesanders
douglas_ally,berniesanders
rothhaley99,berniesanders
nitronate1320,berniesanders
rachelbleile8,
Brownzach78C,berniesanders
JustinJuice17,berniesanders
MirandaOrtega_,
EmilyDurfey,realdonaldtrump
SaraRaberPhotos,berniesanders
sum_perez,berniesanders
Reverman_,berniesanders
MadisonHought6,
TBK_Tyson6,
meagan_ponchel,berniesanders
tmj_OH_auto,berniesanders
brandyyyxo,berniesanders
Bleile_Babe,hillaryclinton
gracewilsonn1,berniesanders
PopeJewdAlge,berniesanders
holly_meade5,berniesanders
mrmarkmarkus,berniesanders
My_Allderdice,hillaryclinton
cschaefer1523,berniesanders
madisonbrickman,berniesanders
shootinstar17,realdonaldtrump
twittacre99,berniesanders
sierranvickery,berniesanders
